path,pathid
/Aaland/1984/256031/A-i.jpg,1
/Aaland/1988/256035/B-i.jpg,2
/Aaland/1989/256037/C-i.jpg,3
/Aaland/1989/256037/C1-i.jpg,4
/Aaland/1990/256040/D-i.jpg,5
/Aaland/1993/256042/E-i.jpg,6
/Aaland/1995/256067/F-i.jpg,7
/Aaland/1996/256068/G-i.jpg,8
/Aaland/1997/256069/H-i.jpg,9
/Aaland/1998/256070/I-i.jpg,10
/Aaland/1999/256071/J-i.jpg,11
/Aaland/2000/256072/K-i.jpg,12
/Aaland/2001/256073/L-i.jpg,13
/Aaland/2002/256074/M-i.jpg,14
/Aaland/2003/256075/N-i.jpg,15
/Aaland/2004/256076/O-i.jpg,16
/Aaland/2005/256077/P-i.jpg,17
/Aaland/2006/256078/Q-i.jpg,18
/Aaland/2007/256079/R-i.jpg,19
/Aaland/2008/256080/S-i.jpg,20
/Aaland/2009/256081/T-i.jpg,21
/Aaland/2010/256082/U-i.jpg,22
/Aaland/2011/256083/V-i.jpg,23
/Aaland/2012/256084/W-i.jpg,24
/Aaland/2013/256085/X-i.jpg,25
/Aaland/2014/256086/Y-i.jpg,26
/Aaland/2015/256087/Z-i.jpg,27
/Aaland/2016/256088/AA-i.jpg,28
/Aaland/2017/256089/AB-i.jpg,29
/Aaland/2018/256090/AC-i.jpg,30
/Aaland/2018/256090/AD-i.jpg,31
/Aaland/2018/256090/AE-i.jpg,32
/Aaland/2018/256090/AF-i.jpg,33
/Aaland/2019/256091/AG-i.jpg,34
/Aaland/2019/256091/AH-i.jpg,35
/Aaland/2019/256091/AI-i.jpg,36
/Aaland/2019/256091/AJ-i.jpg,37
/Aaland/2020/262292/AK-i.jpg,38
/Aaland/2020/262292/AL-i.jpg,39
/Aaland/2020/262292/AM-i.jpg,40
/Aaland/2020/262292/AN-i.jpg,41
/Aaland/2021/266841/AO-i.jpg,42
/Aaland/2021/266841/AP-i.jpg,43
/Aaland/2021/266841/AQ-i.jpg,44
/Aaland/2021/266841/AR-i.jpg,45
/Aaland/1984/8936/A-i.jpg,46
/Aaland/1984/8936/A1-i.jpg,47
/Aaland/1984/8936/A2-i.jpg,48
/Aaland/1984/9870/B-i.jpg,49
/Aaland/1984/9870/C-i.jpg,50
/Aaland/1984/9870/D-i.jpg,51
/Aaland/1984/8938/E-i.jpg,52
/Aaland/1985/8939/F1-i.jpg,53
/Aaland/1985/8939/F-i.jpg,54
/Aaland/1985/8940/A3-i.jpg,55
/Aaland/1985/8940/A4-i.jpg,56
/Aaland/1985/8941/G-i.jpg,57
/Aaland/1985/8941/H-i.jpg,58
/Aaland/1985/8941/I-i.jpg,59
/Aaland/1986/8942/A5-i.jpg,60
/Aaland/1986/8943/J-i.jpg,61
/Aaland/1986/8944/K-i.jpg,62
/Aaland/1986/8944/L-i.jpg,63
/Aaland/1986/8944/M-i.jpg,64
/Aaland/1986/9029/N-i.jpg,65
/Aaland/1987/9030/O-i.jpg,66
/Aaland/1987/9030/P-i.jpg,67
/Aaland/1987/9030/Q-i.jpg,68
/Aaland/1987/9031/R-i.jpg,69
/Aaland/1987/9032/S-i.jpg,70
/Aaland/1987/9033/T-i.jpg,71
/Aaland/1988/9034/U-i.jpg,72
/Aaland/1988/9035/V-i.jpg,73
/Aaland/1988/9036/W-i.jpg,74
/Aaland/1988/9036/X-i.jpg,75
/Aaland/1988/9036/Y-i.jpg,76
/Aaland/1988/9037/Z-i.jpg,77
/Aaland/1989/9038/AA-i.jpg,78
/Aaland/1989/9039/AB-i.jpg,79
/Aaland/1989/9039/AC-i.jpg,80
/Aaland/1989/9039/AD-i.jpg,81
/Aaland/1989/9040/AE-i.jpg,82
/Aaland/1989/9041/AF-i.jpg,83
/Aaland/1990/8958/AG-i.jpg,84
/Aaland/1990/8958/AH-i.jpg,85
/Aaland/1990/8958/AI-i.jpg,86
/Aaland/1990/8959/AJ-i.jpg,87
/Aaland/1990/8960/AK-i.jpg,88
/Aaland/1990/8961/AL-i.jpg,89
/Aaland/1991/8962/AM-i.jpg,90
/Aaland/1991/8962/AN-i.jpg,91
/Aaland/1991/8962/AO-i.jpg,92
/Aaland/1991/8963/AP-i.jpg,93
/Aaland/1991/8963/AQ-i.jpg,94
/Aaland/1991/8963/AR-i.jpg,95
/Aaland/1991/8963/AS-i.jpg,96
/Aaland/1991/8964/AT-i.jpg,97
/Aaland/1991/8964/AU-i.jpg,98
/Aaland/1991/8965/AV-i.jpg,99
/Aaland/1991/8966/AW-i.jpg,100
/Aaland/1992/8967/AX-i.jpg,101
/Aaland/1992/8968/AY-i.jpg,102
/Aaland/1992/8969/AZ-i.jpg,103
/Aaland/1992/8969/BA-i.jpg,104
/Aaland/1992/8969/BB-i.jpg,105
/Aaland/1992/8969/BC-i.jpg,106
/Aaland/1992/8970/BD-i.jpg,107
/Aaland/1992/8970/BE-i.jpg,108
/Aaland/1992/8971/BF-i.jpg,109
/Aaland/1992/8972/BG-i.jpg,110
/Aaland/1993/8973/BH-i.jpg,111
/Aaland/1993/8974/BI-i.jpg,112
/Aaland/1993/8974/BJ-i.jpg,113
/Aaland/1993/8974/BK-i.jpg,114
/Aaland/1993/8974/BL-i.jpg,115
/Aaland/1993/8975/BM-i.jpg,116
/Aaland/1993/8975/BN-i.jpg,117
/Aaland/1993/8976/BO-i.jpg,118
/Aaland/1993/8976/BP-i.jpg,119
/Aaland/1993/8976/BQ-i.jpg,120
/Aaland/1993/8977/BR-i.jpg,121
/Aaland/1993/8977/BS-i.jpg,122
/Aaland/1993/8977/BT-i.jpg,123
/Aaland/1993/8978/BU-i.jpg,124
/Aaland/1994/8979/BV-i.jpg,125
/Aaland/1994/8979/BW-i.jpg,126
/Aaland/1994/8979/BX-i.jpg,127
/Aaland/1994/8980/BY-i.jpg,128
/Aaland/1994/8980/BZ-i.jpg,129
/Aaland/1994/8980/CA-i.jpg,130
/Aaland/1994/8980/CB-i.jpg,131
/Aaland/1994/8981/CC-i.jpg,132
/Aaland/1994/8981/CD-i.jpg,133
/Aaland/1994/5620/CE-i.jpg,134
/Aaland/1994/5620/CF-i.jpg,135
/Aaland/1994/5620/CG-i.jpg,136
/Aaland/1994/8983/CH-i.jpg,137
/Aaland/1995/8984/CI-i.jpg,138
/Aaland/1995/8984/CJ-i.jpg,139
/Aaland/1995/8984/CK-i.jpg,140
/Aaland/1995/8985/CL-i.jpg,141
/Aaland/1995/8985/CM-i.jpg,142
/Aaland/1995/8985/CN-i.jpg,143
/Aaland/1995/8985/CO-i.jpg,144
/Aaland/1995/9067/CP-i.jpg,145
/Aaland/1995/9068/CQ-i.jpg,146
/Aaland/1995/9068/CR-i.jpg,147
/Aaland/1995/9069/CS-i.jpg,148
/Aaland/1995/9069/CT-i.jpg,149
/Aaland/1995/9074/CU-i.jpg,150
/Aaland/1995/9075/CV-i.jpg,151
/Aaland/1995/9879/CW-i.jpg,152
/Aaland/1996/9077/CX-i.jpg,153
/Aaland/1996/9077/CY-i.jpg,154
/Aaland/1996/9078/CZ-i.jpg,155
/Aaland/1996/9078/DA-i.jpg,156
/Aaland/1996/9078/DB-i.jpg,157
/Aaland/1996/9078/DC-i.jpg,158
/Aaland/1996/9079/DD-i.jpg,159
/Aaland/1996/9079/DE-i.jpg,160
/Aaland/1996/9080/DF-i.jpg,161
/Aaland/1996/9081/DG-i.jpg,162
/Aaland/1996/9082/DH-i.jpg,163
/Aaland/1996/9082/DI-i.jpg,164
/Aaland/1996/9083/DJ-i.jpg,165
/Aaland/1997/9084/DK-i.jpg,166
/Aaland/1997/9084/DL-i.jpg,167
/Aaland/1997/9084/DM-i.jpg,168
/Aaland/1997/9084/DN-i.jpg,169
/Aaland/1997/9085/DO-i.jpg,170
/Aaland/1997/9085/DP-i.jpg,171
/Aaland/1997/9085/DQ-i.jpg,172
/Aaland/1997/9086/DR-i.jpg,173
/Aaland/1997/9000/DS-i.jpg,174
/Aaland/1997/9001/DT-i.jpg,175
/Aaland/1997/9002/DU-i.jpg,176
/Aaland/1997/9003/DV-i.jpg,177
/Aaland/1997/9003/DW-i.jpg,178
/Aaland/1997/9004/DX-i.jpg,179
/Aaland/1998/9005/DY-i.jpg,180
/Aaland/1998/9005/DZ-i.jpg,181
/Aaland/1998/9006/EA-i.jpg,182
/Aaland/1998/9006/EB-i.jpg,183
/Aaland/1998/9006/EC-i.jpg,184
/Aaland/1998/9006/ED-i.jpg,185
/Aaland/1998/9007/EE-i.jpg,186
/Aaland/1998/9008/EF-i.jpg,187
/Aaland/1998/9009/EG-i.jpg,188
/Aaland/1998/9010/EH-i.jpg,189
/Aaland/1998/9011/EI-i.jpg,190
/Aaland/1998/9910/EJ-i.jpg,191
/Aaland/1998/9910/EK-i.jpg,192
/Aaland/1998/9910/EL-i.jpg,193
/Aaland/1998/9013/EM-i.jpg,194
/Aaland/1999/9014/EN-i.jpg,195
/Aaland/1999/9014/EO-i.jpg,196
/Aaland/1999/9015/EP-i.jpg,197
/Aaland/1999/9015/EQ-i.jpg,198
/Aaland/1999/9015/ER-i.jpg,199
/Aaland/1999/9015/ES-i.jpg,200
/Aaland/1999/9017/ET-i.jpg,201
/Aaland/1999/9255/EU-i.jpg,202
/Aaland/1999/9020/EV-i.jpg,203
/Aaland/1999/9021/EW-i.jpg,204
/Aaland/1999/9023/EX-i.jpg,205
/Aaland/1999/9025/EY-i.jpg,206
/Aaland/1999/9025/EZ-i.jpg,207
/Aaland/1999/9026/FA-i.jpg,208
/Aaland/1999/9027/FB-i.jpg,209
/Aaland/2000/18077/FC-i.jpg,210
/Aaland/2000/18077/FD-i.jpg,211
/Aaland/2000/18077/FE-i.jpg,212
/Aaland/2000/18077/FF-i.jpg,213
/Aaland/2000/18080/FG-i.jpg,214
/Aaland/2000/18080/FH-i.jpg,215
/Aaland/2000/18080/FI-i.jpg,216
/Aaland/2000/18037/FJ-i.jpg,217
/Aaland/2000/18037/FK-i.jpg,218
/Aaland/2000/18037/FL-i.jpg,219
/Aaland/2000/18037/FM-i.jpg,220
/Aaland/2000/18096/FN-i.jpg,221
/Aaland/2000/18098/FO-i.jpg,222
/Aaland/2000/18100/FP-i.jpg,223
/Aaland/2000/18100/FQ-i.jpg,224
/Aaland/2000/18102/FR-i.jpg,225
/Aaland/2000/18102/FS-i.jpg,226
/Aaland/2000/18107/FT-i.jpg,227
/Aaland/2000/18106/FU-i.jpg,228
/Aaland/2001/18114/FV-i.jpg,229
/Aaland/2001/18114/FW-i.jpg,230
/Aaland/2001/18114/FX-i.jpg,231
/Aaland/2001/18115/FY-i.jpg,232
/Aaland/2001/18115/FZ-i.jpg,233
/Aaland/2001/18115/GA-i.jpg,234
/Aaland/2001/18115/GB-i.jpg,235
/Aaland/2001/18116/GC-i.jpg,236
/Aaland/2001/18117/GD-i.jpg,237
/Aaland/2001/18118/GE-i.jpg,238
/Aaland/2001/18118/GF-i.jpg,239
/Aaland/2001/18118/GG-i.jpg,240
/Aaland/2001/18120/GH-i.jpg,241
/Aaland/2001/18120/GI-i.jpg,242
/Aaland/2001/18085/GJ-i.jpg,243
/Aaland/2002/22182/GK-i.jpg,244
/Aaland/2002/22205/GL-i.jpg,245
/Aaland/2002/22205/GM-i.jpg,246
/Aaland/2002/22206/GN-i.jpg,247
/Aaland/2002/22207/GO-i.jpg,248
/Aaland/2002/22193/GP-i.jpg,249
/Aaland/2002/22193/GQ-i.jpg,250
/Aaland/2002/22193/GR-i.jpg,251
/Aaland/2002/22193/GS-i.jpg,252
/Aaland/2002/22204/GT-i.jpg,253
/Aaland/2002/22208/GU-i.jpg,254
/Aaland/2002/22209/GV-i.jpg,255
/Aaland/2002/22210/GW-i.jpg,256
/Aaland/2002/22210/GX-i.jpg,257
/Aaland/2002/22211/GY-i.jpg,258
/Aaland/2002/22212/GZ-i.jpg,259
/Aaland/2003/22213/HA-i.jpg,260
/Aaland/2003/22213/HB-i.jpg,261
/Aaland/2003/22213/HC-i.jpg,262
/Aaland/2003/22214/HD-i.jpg,263
/Aaland/2003/22214/HE-i.jpg,264
/Aaland/2003/22215/HF-i.jpg,265
/Aaland/2003/22215/HG-i.jpg,266
/Aaland/2003/22215/HH-i.jpg,267
/Aaland/2003/22215/HI-i.jpg,268
/Aaland/2003/22216/HJ-i.jpg,269
/Aaland/2003/22220/HK-i.jpg,270
/Aaland/2003/22217/HL-i.jpg,271
/Aaland/2003/22218/HM-i.jpg,272
/Aaland/2003/22219/HN-i.jpg,273
/Aaland/2003/22221/HO-i.jpg,274
/Aaland/2004/22222/HP-i.jpg,275
/Aaland/2004/22222/HQ-i.jpg,276
/Aaland/2004/22222/HR-i.jpg,277
/Aaland/2004/22223/HS-i.jpg,278
/Aaland/2004/22224/HT-i.jpg,279
/Aaland/2004/22225/HU-i.jpg,280
/Aaland/2004/22226/HV-i.jpg,281
/Aaland/2004/22227/HW-i.jpg,282
/Aaland/2004/22227/HX-i.jpg,283
/Aaland/2004/22227/HY-i.jpg,284
/Aaland/2004/22227/HZ-i.jpg,285
/Aaland/2004/22228/IA-i.jpg,286
/Aaland/2004/22228/IB-i.jpg,287
/Aaland/2004/22229/IC-i.jpg,288
/Aaland/2004/22230/ID-i.jpg,289
/Aaland/2005/22231/IE-i.jpg,290
/Aaland/2005/22231/IF-i.jpg,291
/Aaland/2005/22231/IG-i.jpg,292
/Aaland/2005/22232/IH-i.jpg,293
/Aaland/2005/22232/II-i.jpg,294
/Aaland/2005/22232/IJ-i.jpg,295
/Aaland/2005/22232/IK-i.jpg,296
/Aaland/2005/22233/IL-i.jpg,297
/Aaland/2005/22234/IM-i.jpg,298
/Aaland/2005/22235/IN-i.jpg,299
/Aaland/2005/227709/XIO-i.jpg,300
/Aaland/2005/22236/IO-i.jpg,301
/Aaland/2005/22237/IP-i.jpg,302
/Aaland/2005/22237/IQ-i.jpg,303
/Aaland/2005/22238/IR-i.jpg,304
/Aaland/2006/22239/IS-i.jpg,305
/Aaland/2006/22239/IT-i.jpg,306
/Aaland/2006/22239/IU-i.jpg,307
/Aaland/2006/22240/IV-i.jpg,308
/Aaland/2006/22241/IW-i.jpg,309
/Aaland/2006/22242/IX-i.jpg,310
/Aaland/2006/22243/IY-i.jpg,311
/Aaland/2006/22244/IZ-i.jpg,312
/Aaland/2006/22245/JA-i.jpg,313
/Aaland/2006/22246/JB-i.jpg,314
/Aaland/2006/22246/JC-i.jpg,315
/Aaland/2006/22247/JD-i.jpg,316
/Aaland/2006/22247/JE-i.jpg,317
/Aaland/2006/22247/JF-i.jpg,318
/Aaland/2006/22248/JG-i.jpg,319
/Aaland/2007/22249/JH-i.jpg,320
/Aaland/2007/22249/JI-i.jpg,321
/Aaland/2007/22249/JJ-i.jpg,322
/Aaland/2007/22250/JK-i.jpg,323
/Aaland/2007/22250/JL-i.jpg,324
/Aaland/2007/22251/JM-i.jpg,325
/Aaland/2007/22252/JN-i.jpg,326
/Aaland/2007/22253/JO-i.jpg,327
/Aaland/2007/22254/JP-i.jpg,328
/Aaland/2007/22254/JQ-i.jpg,329
/Aaland/2007/22254/JR-i.jpg,330
/Aaland/2007/22255/JS-i.jpg,331
/Aaland/2007/22256/JT-i.jpg,332
/Aaland/2007/22257/JU-i.jpg,333
/Aaland/2007/22258/JV-i.jpg,334
/Aaland/2008/22259/JW-i.jpg,335
/Aaland/2008/22259/JX-i.jpg,336
/Aaland/2008/22260/JY-i.jpg,337
/Aaland/2008/22261/JZ-i.jpg,338
/Aaland/2008/22261/KA-i.jpg,339
/Aaland/2008/22262/KB-i.jpg,340
/Aaland/2008/22263/KC-i.jpg,341
/Aaland/2008/22264/KD-i.jpg,342
/Aaland/2008/22264/KE-i.jpg,343
/Aaland/2008/22264/KF-i.jpg,344
/Aaland/2008/22264/KG-i.jpg,345
/Aaland/2008/22265/KH-i.jpg,346
/Aaland/2008/22266/KI-i.jpg,347
/Aaland/2008/22267/KJ-i.jpg,348
/Aaland/2008/22268/KK-i.jpg,349
/Aaland/2009/26849/KL-i.jpg,350
/Aaland/2009/26850/KM-i.jpg,351
/Aaland/2009/26856/KN-i.jpg,352
/Aaland/2009/26856/KO-i.jpg,353
/Aaland/2009/26856/KP-i.jpg,354
/Aaland/2009/26852/KQ-i.jpg,355
/Aaland/2009/26853/KR-i.jpg,356
/Aaland/2009/26855/KS-i.jpg,357
/Aaland/2009/26854/KT-i.jpg,358
/Aaland/2009/26854/KU-i.jpg,359
/Aaland/2009/27010/KV-i.jpg,360
/Aaland/2009/270258/XKV-i.jpg,361
/Aaland/2009/27011/KW-i.jpg,362
/Aaland/2009/27011/KX-i.jpg,363
/Aaland/2009/27023/KY-i.jpg,364
/Aaland/2009/27019/KZ-i.jpg,365
/Aaland/2009/27019/LA-i.jpg,366
/Aaland/2010/97109/LB-i.jpg,367
/Aaland/2010/97111/LC-i.jpg,368
/Aaland/2010/97114/LD-i.jpg,369
/Aaland/2010/97125/LE-i.jpg,370
/Aaland/2010/117502/LF-i.jpg,371
/Aaland/2010/117502/LG-i.jpg,372
/Aaland/2010/117507/LH-i.jpg,373
/Aaland/2010/117507/LI-i.jpg,374
/Aaland/2010/117507/LJ-i.jpg,375
/Aaland/2010/117513/LK-i.jpg,376
/Aaland/2010/119865/LM-i.jpg,377
/Aaland/2010/119866/LN-i.jpg,378
/Aaland/2010/119867/LO-i.jpg,379
/Aaland/2010/119868/LP-i.jpg,380
/Aaland/2010/119868/LQ-i.jpg,381
/Aaland/2010/119869/LR-i.jpg,382
/Aaland/2011/119870/LS-i.jpg,383
/Aaland/2011/119870/LT-i.jpg,384
/Aaland/2011/119871/LU-i.jpg,385
/Aaland/2011/163644/LV-i.jpg,386
/Aaland/2011/163647/LW-i.jpg,387
/Aaland/2011/163651/LX-i.jpg,388
/Aaland/2011/163651/LY-i.jpg,389
/Aaland/2011/163651/LZ-i.jpg,390
/Aaland/2011/163654/MA-i.jpg,391
/Aaland/2011/163656/MB-i.jpg,392
/Aaland/2011/163656/MC-i.jpg,393
/Aaland/2011/163657/MD-i.jpg,394
/Aaland/2011/181871/ME-i.jpg,395
/Aaland/2011/181872/MF-i.jpg,396
/Aaland/2011/181872/MG-i.jpg,397
/Aaland/2011/181873/MH-i.jpg,398
/Aaland/2012/181874/MI-i.jpg,399
/Aaland/2012/181874/MJ-i.jpg,400
/Aaland/2012/186944/MK-i.jpg,401
/Aaland/2012/195980/ML-i.jpg,402
/Aaland/2012/195981/MM-i.jpg,403
/Aaland/2012/195982/MN-i.jpg,404
/Aaland/2012/195983/MO-i.jpg,405
/Aaland/2012/195983/MP-i.jpg,406
/Aaland/2012/195984/MQ-i.jpg,407
/Aaland/2012/199355/MR-i.jpg,408
/Aaland/2012/199355/MS-i.jpg,409
/Aaland/2012/199355/MT-i.jpg,410
/Aaland/2012/199356/MU-i.jpg,411
/Aaland/2012/199356/MV-i.jpg,412
/Aaland/2012/205649/MW-i.jpg,413
/Aaland/2012/205650/MX-i.jpg,414
/Aaland/2013/205651/MY-i.jpg,415
/Aaland/2013/213854/MZ-i.jpg,416
/Aaland/2013/213855/NA-i.jpg,417
/Aaland/2013/213855/NB-i.jpg,418
/Aaland/2013/213855/NC-i.jpg,419
/Aaland/2013/213855/ND-i.jpg,420
/Aaland/2013/214412/NE-i.jpg,421
/Aaland/2013/214413/NF-i.jpg,422
/Aaland/2013/214825/NG-i.jpg,423
/Aaland/2013/214825/NH-i.jpg,424
/Aaland/2013/215204/NI-i.jpg,425
/Aaland/2013/215204/NJ-i.jpg,426
/Aaland/2013/215347/NK-i.jpg,427
/Aaland/2013/215348/NL-i.jpg,428
/Aaland/2013/215349/NM-i.jpg,429
/Aaland/2013/215719/NN-i.jpg,430
/Aaland/2013/215719/NO-i.jpg,431
/Aaland/2014/216221/NP-i.jpg,432
/Aaland/2014/216222/NQ-i.jpg,433
/Aaland/2014/216222/NR-i.jpg,434
/Aaland/2014/216711/NS-i.jpg,435
/Aaland/2014/216896/NT-i.jpg,436
/Aaland/2014/217088/NU-i.jpg,437
/Aaland/2014/217089/NV-i.jpg,438
/Aaland/2014/217090/NW-i.jpg,439
/Aaland/2014/217091/NX-i.jpg,440
/Aaland/2014/217092/NY-i.jpg,441
/Aaland/2014/218645/NZ-i.jpg,442
/Aaland/2014/218645/OA-i.jpg,443
/Aaland/2014/218645/OB-i.jpg,444
/Aaland/2014/220643/OC-i.jpg,445
/Aaland/2014/221038/OD-i.jpg,446
/Aaland/2014/221038/OE-i.jpg,447
/Aaland/2014/221038/OF-i.jpg,448
/Aaland/2014/221038/OG-i.jpg,449
/Aaland/2015/221379/OH-i.jpg,450
/Aaland/2015/221379/OI-i.jpg,451
/Aaland/2015/223922/OJ-i.jpg,452
/Aaland/2015/223923/OK-i.jpg,453
/Aaland/2015/224800/OL-i.jpg,454
/Aaland/2015/224865/OM-i.jpg,455
/Aaland/2015/224866/ON-i.jpg,456
/Aaland/2015/225279/OO-i.jpg,457
/Aaland/2015/225833/OR-i.jpg,458
/Aaland/2015/225833/OS-i.jpg,459
/Aaland/2015/225833/OT-i.jpg,460
/Aaland/2015/225834/OU-i.jpg,461
/Aaland/2015/225834/OV-i.jpg,462
/Aaland/2015/226221/OW-i.jpg,463
/Aaland/2015/226221/OX-i.jpg,464
/Aaland/2015/226589/OY-i.jpg,465
/Aaland/2016/227129/OZ-i.jpg,466
/Aaland/2016/227129/PA-i.jpg,467
/Aaland/2016/227570/PB-i.jpg,468
/Aaland/2016/227731/PC-i.jpg,469
/Aaland/2016/228017/PD-i.jpg,470
/Aaland/2016/228017/PE-i.jpg,471
/Aaland/2016/228017/PF-i.jpg,472
/Aaland/2016/228018/PG-i.jpg,473
/Aaland/2016/228018/PH-i.jpg,474
/Aaland/2016/228873/PI-i.jpg,475
/Aaland/2016/229225/PJ-i.jpg,476
/Aaland/2016/229541/PK-i.jpg,477
/Aaland/2016/230478/PL-i.jpg,478
/Aaland/2016/230478/PM-i.jpg,479
/Aaland/2016/231901/PN-i.jpg,480
/Aaland/2016/231901/PO-i.jpg,481
/Aaland/2017/239774/PP-i.jpg,482
/Aaland/2017/239774/PQ-i.jpg,483
/Aaland/2017/241663/PR-i.jpg,484
/Aaland/2017/241664/PS-i.jpg,485
/Aaland/2017/242685/PT-i.jpg,486
/Aaland/2017/242952/PU-i.jpg,487
/Aaland/2017/242952/PV-i.jpg,488
/Aaland/2017/242953/PW-i.jpg,489
/Aaland/2017/244944/PX-i.jpg,490
/Aaland/2017/245469/PY-i.jpg,491
/Aaland/2017/245469/PZ-i.jpg,492
/Aaland/2017/245469/QA-i.jpg,493
/Aaland/2017/246010/QB-i.jpg,494
/Aaland/2017/246010/QC-i.jpg,495
/Aaland/2018/248458/QF-i.jpg,496
/Aaland/2018/248458/QG-i.jpg,497
/Aaland/2018/249169/QH-i.jpg,498
/Aaland/2018/250279/QI-i.jpg,499
/Aaland/2018/250280/QJ-i.jpg,500
/Aaland/2018/250547/QK-i.jpg,501
/Aaland/2018/252335/QP-i.jpg,502
/Aaland/2018/252335/QQ-i.jpg,503
/Aaland/2018/252854/QR-i.jpg,504
/Aaland/2018/252854/QS-i.jpg,505
/Aaland/2019/256140/QV-i.jpg,506
/Aaland/2019/256140/QW-i.jpg,507
/Aaland/2019/257008/QX-i.jpg,508
/Aaland/2019/257009/QY-i.jpg,509
/Aaland/2019/257010/QZ-i.jpg,510
/Aaland/2019/257988/RA-i.jpg,511
/Aaland/2019/257989/RB-i.jpg,512
/Aaland/2019/258269/RC-i.jpg,513
/Aaland/2019/258270/RD-i.jpg,514
/Aaland/2019/260677/RI-i.jpg,515
/Aaland/2019/260677/RJ-i.jpg,516
/Aaland/2019/260677/RK-i.jpg,517
/Aaland/2019/260678/RL-i.jpg,518
/Aaland/2019/260678/RM-i.jpg,519
/Aaland/2019/260679/RN-i.jpg,520
/Aaland/2019/260679/RO-i.jpg,521
/Aaland/2020/262159/RP-i.jpg,522
/Aaland/2020/262159/RQ-i.jpg,523
/Aaland/2020/262160/RR-i.jpg,524
/Aaland/2020/263513/RS-i.jpg,525
/Aaland/2020/263514/RT-i.jpg,526
/Aaland/2020/263769/RU-i.jpg,527
/Aaland/2020/263770/RV-i.jpg,528
/Aaland/2020/264850/SA-i.jpg,529
/Aaland/2020/265794/SB-i.jpg,530
/Aaland/2020/265794/SC-i.jpg,531
/Aaland/2020/265795/SD-i.jpg,532
/Aaland/2020/265795/SE-i.jpg,533
/Aaland/2021/266840/SF-i.jpg,534
/Aaland/2021/266840/SG-i.jpg,535
/Aaland/2021/267277/SH-i.jpg,536
/Aaland/2021/267278/SI-i.jpg,537
/Aaland/2021/267662/SJ-i.jpg,538
/Aaland/2021/267663/SK-i.jpg,539
/Aaland/2021/267952/SL-i.jpg,540
/Aaland/2021/267952/SM-i.jpg,541
/Aaland/2021/267952/SN-i.jpg,542
/Aaland/2021/267952/SO-i.jpg,543
/Aaland/2021/267953/SP-i.jpg,544
/Aaland/2021/268900/SQ-i.jpg,545
/Aaland/2021/268901/SR-i.jpg,546
/Aaland/2021/270330/SS-i.jpg,547
/Aaland/2021/270330/ST-i.jpg,548
/Aaland/2021/270331/SU-i.jpg,549
/Aaland/2022/271719/SV-i.jpg,550
/Aaland/2022/271719/SW-i.jpg,551
/Aaland/2022/272347/SX-i.jpg,552
/Aaland/2022/272348/SY-i.jpg,553
/Aaland/2022/272867/SZ-i.jpg,554
/Aaland/2022/273224/TA-i.jpg,555
/Aaland/2022/273224/TB-i.jpg,556
/Aaland/2022/273224/TC-i.jpg,557
/Aaland/2022/273224/TD-i.jpg,558
/Aaland/2022/273224/TE-i.jpg,559
/Aaland/2022/273224/TF-i.jpg,560
/Aaland/2022/273224/TG-i.jpg,561
/Aaland/2022/273225/TH-i.jpg,562
/Aaland/2022/274419/TI-i.jpg,563
/Aaland/2022/274420/TJ-i.jpg,564
/Aaland/2022/274908/TK-i.jpg,565
/Aaland/2022/274911/TL-i.jpg,566
/Aaland/2022/274911/TM-i.jpg,567
/Aaland/2023/275825/TN-i.jpg,568
/Aaland/2023/275825/TU-i.jpg,569
/Aaland/2023/276517/TV-i.jpg,570
/Aaland/2023/276903/TW-i.jpg,571
/Aaland/2023/277445/TX-i.jpg,572
/Aaland/2023/277446/TY-i.jpg,573
/Aaland/2023/277446/TZ-i.jpg,574
/Aaland/2023/277817/UA-i.jpg,575
/Aaland/2023/278159/UE-i.jpg,576
/Aaland/2023/278789/UF-i.jpg,577
/Aaland/2023/278789/UG-i.jpg,578
/Aaland/2023/279109/UH-i.jpg,579
/Aaland/2023/279109/UI-i.jpg,580
/Aaland/2023/279109/UJ-i.jpg,581
/Aaland/2023/279109/UK-i.jpg,582
/Aaland/2023/279111/UL-i.jpg,583
/Aaland/2023/279111/UM-i.jpg,584
/Aaland/2023/279110/UN-i.jpg,585
/Aaland/2024/280981/UO-i.jpg,586
/Aaland/2024/280981/UN-i.jpg,587
/Aaland/2024/281686/UO-i.jpg,588
/Aaland/2024/281687/UQ-i.jpg,589
/Aaland/2024/283363/UR-i.jpg,590
/Aaland/2024/283364/US-i.jpg,591
/Aaland/2024/283925/UX-i.jpg,592
/Aaland/2024/283926/UY-i.jpg,593
/Aaland/2024/284458/UZ-i.jpg,594
/Aberdeen/1861/167499/A-i.jpg,595
/Abingdon/1861/167497/A-i.jpg,596
/Abingdon/1861/167497/A1-i.jpg,597
/Abkhazia/1993/264897/A-i.jpg,598
/Abkhazia/1993/264897/A1-i.jpg,599
/Abkhazia/1993/264897/B-i.jpg,600
/Abkhazia/1993/264897/B1-i.jpg,601
/Abkhazia/1993/264898/C-i.jpg,602
/Abkhazia/1993/264899/D-i.jpg,603
/Abkhazia/1993/264899/E-i.jpg,604
/Abkhazia/1993/264900/D1-i.jpg,605
/Abkhazia/1993/264900/E1-i.jpg,606
/Abkhazia/1993/264901/F-i.jpg,607
/Abkhazia/1993/264902/G-i.jpg,608
/Abkhazia/1993/264902/G1-i.jpg,609
/Abkhazia/1993/264902/G2-i.jpg,610
/Abkhazia/1993/264902/G3-i.jpg,611
/Abkhazia/1993/264902/G4-i.jpg,612
/Abkhazia/1993/264902/G5-i.jpg,613
/Abkhazia/1993/264902/G6-i.jpg,614
/Abkhazia/1993/264902/G7-i.jpg,615
/Abkhazia/1994/264903/H-i.jpg,616
/Abkhazia/1994/264904/I-i.jpg,617
/Abkhazia/1994/264904/J-i.jpg,618
/Abkhazia/1994/264905/K-i.jpg,619
/Abkhazia/1994/264905/L-i.jpg,620
/Abkhazia/1994/264906/M-i.jpg,621
/Abkhazia/1994/264906/N-i.jpg,622
/Abkhazia/1994/264906/O-i.jpg,623
/Abkhazia/1994/264906/P-i.jpg,624
/Abkhazia/1994/264907/Q-i.jpg,625
/Abkhazia/1994/264907/R-i.jpg,626
/Abkhazia/1994/264907/S-i.jpg,627
/Abkhazia/1994/264907/T-i.jpg,628
/Abkhazia/1994/264908/U-i.jpg,629
/Abkhazia/1994/264908/V-i.jpg,630
/Abkhazia/1994/264908/W-i.jpg,631
/Abkhazia/1994/264908/X-i.jpg,632
/Abkhazia/1994/264909/Y-i.jpg,633
/Abkhazia/1994/264909/Y1-i.jpg,634
/Abkhazia/1994/264909/Y2-i.jpg,635
/Abkhazia/1994/264909/Y3-i.jpg,636
/Abkhazia/1994/264910/Z-i.jpg,637
/Abkhazia/1994/264910/AA-i.jpg,638
/Abkhazia/1994/264910/AB-i.jpg,639
/Abkhazia/1994/264910/AC-i.jpg,640
/Abkhazia/1994/264911/AD-i.jpg,641
/Abkhazia/1995/264912/AE-i.jpg,642
/Abkhazia/1995/264914/AF-i.jpg,643
/Abkhazia/1995/264914/AG-i.jpg,644
/Abkhazia/1995/264914/AH-i.jpg,645
/Abkhazia/1995/264914/AI-i.jpg,646
/Abkhazia/1995/264914/AJ-i.jpg,647
/Abkhazia/1995/264917/AM-i.jpg,648
/Abkhazia/1995/264917/AN-i.jpg,649
/Abkhazia/1995/264917/AO-i.jpg,650
/Abkhazia/1995/264917/AP-i.jpg,651
/Abkhazia/1995/264917/AQ-i.jpg,652
/Abkhazia/1995/264917/AR-i.jpg,653
/Abkhazia/1995/264917/AS-i.jpg,654
/Abkhazia/1995/264917/AT-i.jpg,655
/Abkhazia/1995/264917/AU-i.jpg,656
/Abkhazia/1995/264917/AV-i.jpg,657
/Abkhazia/1995/264917/AW-i.jpg,658
/Abkhazia/1995/264917/AX-i.jpg,659
/Abkhazia/1995/264917/AY-i.jpg,660
/Abkhazia/1995/264917/AZ-i.jpg,661
/Abkhazia/1995/264917/BA-i.jpg,662
/Abkhazia/1995/264918/BB-i.jpg,663
/Abkhazia/1995/264918/BC-i.jpg,664
/Abkhazia/1995/264918/BD-i.jpg,665
/Abkhazia/1995/264918/BE-i.jpg,666
/Abkhazia/1995/264919/BF-i.jpg,667
/Abkhazia/1995/264920/BG-i.jpg,668
/Abkhazia/1995/264920/BH-i.jpg,669
/Abkhazia/1995/264921/BI-i.jpg,670
/Abkhazia/1995/264922/BJ-i.jpg,671
/Abkhazia/1995/264923/BK-i.jpg,672
/Abkhazia/1995/264923/BL-i.jpg,673
/Abkhazia/1995/264925/BN-i.jpg,674
/Abkhazia/1995/264925/BO-i.jpg,675
/Abkhazia/1995/264925/BP-i.jpg,676
/Abkhazia/1995/264925/BQ-i.jpg,677
/Abkhazia/1995/264926/BR-i.jpg,678
/Abkhazia/1995/264926/BS-i.jpg,679
/Abkhazia/1995/264926/BT-i.jpg,680
/Abkhazia/1995/264927/BU-i.jpg,681
/Abkhazia/1995/264928/BV-i.jpg,682
/Abkhazia/1996/264929/BV1-i.jpg,683
/Abkhazia/1996/264930/BU1-i.jpg,684
/Abkhazia/1996/264930/BU2-i.jpg,685
/Abkhazia/1996/264932/BW-i.jpg,686
/Abkhazia/1996/264934/BX-i.jpg,687
/Abkhazia/1996/264934/BY-i.jpg,688
/Abkhazia/1996/264934/BZ-i.jpg,689
/Abkhazia/1996/264934/CA-i.jpg,690
/Abkhazia/1996/264934/CB-i.jpg,691
/Abkhazia/1996/264934/CC-i.jpg,692
/Abkhazia/1996/264934/CD-i.jpg,693
/Abkhazia/1996/264934/CE-i.jpg,694
/Abkhazia/1996/264937/CF-i.jpg,695
/Abkhazia/1996/264937/CG-i.jpg,696
/Abkhazia/1996/264937/CH-i.jpg,697
/Abkhazia/1996/264937/CI-i.jpg,698
/Abkhazia/1996/264938/CJ-i.jpg,699
/Abkhazia/1996/264940/CK-i.jpg,700
/Abkhazia/1996/264942/CL-i.jpg,701
/Abkhazia/1996/264944/CM-i.jpg,702
/Abkhazia/1996/264945/CN-i.jpg,703
/Abkhazia/1996/264946/CO-i.jpg,704
/Abkhazia/1996/264948/CP-i.jpg,705
/Abkhazia/1996/264948/CQ-i.jpg,706
/Abkhazia/1996/264949/CR-i.jpg,707
/Abkhazia/1996/264949/CR1-i.jpg,708
/Abkhazia/1996/264950/CS-i.jpg,709
/Abkhazia/1996/264952/CT-i.jpg,710
/Abkhazia/1996/264952/CU-i.jpg,711
/Abkhazia/1996/264952/CV-i.jpg,712
/Abkhazia/1996/264953/CW-i.jpg,713
/Abkhazia/1996/264953/CX-i.jpg,714
/Abkhazia/1996/264953/CY-i.jpg,715
/Abkhazia/1996/264954/CZ-i.jpg,716
/Abkhazia/1996/264954/DA-i.jpg,717
/Abkhazia/1996/264954/DB-i.jpg,718
/Abkhazia/1996/264955/DC-i.jpg,719
/Abkhazia/1996/264955/DD-i.jpg,720
/Abkhazia/1996/264955/DE-i.jpg,721
/Abkhazia/1996/264956/DF-i.jpg,722
/Abkhazia/1997/264957/CZ1-i.jpg,723
/Abkhazia/1997/264957/DA1-i.jpg,724
/Abkhazia/1997/264957/DB1-i.jpg,725
/Abkhazia/1997/264958/DC1-i.jpg,726
/Abkhazia/1997/264958/DD1-i.jpg,727
/Abkhazia/1997/264958/DE1-i.jpg,728
/Abkhazia/1997/264959/DF1-i.jpg,729
/Abkhazia/1997/264960/DG-i.jpg,730
/Abkhazia/1997/264960/DH-i.jpg,731
/Abkhazia/1997/264972/DI-i.jpg,732
/Abkhazia/1997/264972/DJ-i.jpg,733
/Abkhazia/1997/264972/DK-i.jpg,734
/Abkhazia/1997/264972/DL-i.jpg,735
/Abkhazia/1997/264973/DM-i.jpg,736
/Abkhazia/1997/264973/DN-i.jpg,737
/Abkhazia/1997/264973/DO-i.jpg,738
/Abkhazia/1997/264973/DP-i.jpg,739
/Abkhazia/1997/264974/DQ-i.jpg,740
/Abkhazia/1997/264974/DR-i.jpg,741
/Abkhazia/1997/264974/DS-i.jpg,742
/Abkhazia/1997/264974/DT-i.jpg,743
/Abkhazia/1997/264975/DU-i.jpg,744
/Abkhazia/1997/264976/DV-i.jpg,745
/Abkhazia/1997/264977/DW-i.jpg,746
/Abkhazia/1997/264978/DX-i.jpg,747
/Abkhazia/1997/264978/DY-i.jpg,748
/Abkhazia/1997/264978/DZ-i.jpg,749
/Abkhazia/1997/264978/EA-i.jpg,750
/Abkhazia/1997/264979/EB-i.jpg,751
/Abkhazia/1997/264979/EC-i.jpg,752
/Abkhazia/1997/264979/ED-i.jpg,753
/Abkhazia/1997/264979/EE-i.jpg,754
/Abkhazia/1997/264979/EF-i.jpg,755
/Abkhazia/1997/264980/EG-i.jpg,756
/Abkhazia/1997/264980/EH-i.jpg,757
/Abkhazia/1997/264980/EI-i.jpg,758
/Abkhazia/1997/264980/EJ-i.jpg,759
/Abkhazia/1997/264980/EK-i.jpg,760
/Abkhazia/1997/264980/EL-i.jpg,761
/Abkhazia/1997/264980/EM-i.jpg,762
/Abkhazia/1997/264980/EN-i.jpg,763
/Abkhazia/1997/264981/EO-i.jpg,764
/Abkhazia/1997/264981/EP-i.jpg,765
/Abkhazia/1997/264981/EQ-i.jpg,766
/Abkhazia/1997/264981/ER-i.jpg,767
/Abkhazia/1997/264981/ES-i.jpg,768
/Abkhazia/1997/264981/ET-i.jpg,769
/Abkhazia/1997/264981/EU-i.jpg,770
/Abkhazia/1997/264981/EV-i.jpg,771
/Abkhazia/1997/264983/EW-i.jpg,772
/Abkhazia/1997/264983/EX-i.jpg,773
/Abkhazia/1997/264984/EY-i.jpg,774
/Abkhazia/1997/264984/EZ-i.jpg,775
/Abkhazia/1997/264984/FA-i.jpg,776
/Abkhazia/1997/264985/FB-i.jpg,777
/Abkhazia/1997/264986/FC-i.jpg,778
/Abkhazia/1997/264986/FD-i.jpg,779
/Abkhazia/1997/264987/FE-i.jpg,780
/Abkhazia/1997/264988/FF-i.jpg,781
/Abkhazia/1997/264988/FG-i.jpg,782
/Abkhazia/1997/264989/FH-i.jpg,783
/Abkhazia/1997/264989/FI-i.jpg,784
/Abkhazia/1997/264990/FJ-i.jpg,785
/Abkhazia/1997/264991/FK-i.jpg,786
/Abkhazia/1997/264992/FL-i.jpg,787
/Abkhazia/1998/264993/FM-i.jpg,788
/Abkhazia/1998/264993/FN-i.jpg,789
/Abkhazia/1998/264993/FO-i.jpg,790
/Abkhazia/1998/264993/FP-i.jpg,791
/Abkhazia/1998/264993/FQ-i.jpg,792
/Abkhazia/1998/264994/FR-i.jpg,793
/Abkhazia/1998/264994/FS-i.jpg,794
/Abkhazia/1998/264995/FT-i.jpg,795
/Abkhazia/1998/264996/FU-i.jpg,796
/Abkhazia/1998/264996/FV-i.jpg,797
/Abkhazia/1998/264996/FW-i.jpg,798
/Abkhazia/1998/264996/FX-i.jpg,799
/Abkhazia/1998/265042/FY-i.jpg,800
/Abkhazia/1998/265043/FZ-i.jpg,801
/Abkhazia/1998/265044/GA-i.jpg,802
/Abkhazia/1998/265044/GB-i.jpg,803
/Abkhazia/1998/265044/GC-i.jpg,804
/Abkhazia/1998/265044/GD-i.jpg,805
/Abkhazia/1998/265045/GE-i.jpg,806
/Abkhazia/1998/265045/GF-i.jpg,807
/Abkhazia/1998/265045/GG-i.jpg,808
/Abkhazia/1998/265045/GH-i.jpg,809
/Abkhazia/1998/265045/GI-i.jpg,810
/Abkhazia/1998/265046/GJ-i.jpg,811
/Abkhazia/1998/265047/GE1-i.jpg,812
/Abkhazia/1998/265047/GF1-i.jpg,813
/Abkhazia/1998/265048/GK-i.jpg,814
/Abkhazia/1998/265049/GL-i.jpg,815
/Abkhazia/1998/265049/GM-i.jpg,816
/Abkhazia/1998/265049/GN-i.jpg,817
/Abkhazia/1998/265049/GO-i.jpg,818
/Abkhazia/1998/265049/GP-i.jpg,819
/Abkhazia/1998/265051/GS-i.jpg,820
/Abkhazia/1998/265051/GT-i.jpg,821
/Abkhazia/1998/265052/GU-i.jpg,822
/Abkhazia/1998/265053/GV-i.jpg,823
/Abkhazia/1998/265053/GW-i.jpg,824
/Abkhazia/1998/265053/GX-i.jpg,825
/Abkhazia/1998/265054/GY-i.jpg,826
/Abkhazia/1998/265055/GZ-i.jpg,827
/Abkhazia/1998/265056/GL1-i.jpg,828
/Abkhazia/1998/265056/GM1-i.jpg,829
/Abkhazia/1998/265056/GN1-i.jpg,830
/Abkhazia/1998/265056/GO1-i.jpg,831
/Abkhazia/1998/265056/GP1-i.jpg,832
/Abkhazia/1998/265057/GQ1-i.jpg,833
/Abkhazia/1998/265057/GR1-i.jpg,834
/Abkhazia/1998/265058/GS1-i.jpg,835
/Abkhazia/1998/265058/GT1-i.jpg,836
/Abkhazia/1998/265059/GU1-i.jpg,837
/Abkhazia/1998/265060/GV1-i.jpg,838
/Abkhazia/1998/265060/GW1-i.jpg,839
/Abkhazia/1998/265060/GX1-i.jpg,840
/Abkhazia/1998/265061/GY1-i.jpg,841
/Abkhazia/1998/265062/GZ1-i.jpg,842
/Abkhazia/1998/265063/GL2-i.jpg,843
/Abkhazia/1998/265063/GM2-i.jpg,844
/Abkhazia/1998/265063/GN2-i.jpg,845
/Abkhazia/1998/265063/GO2-i.jpg,846
/Abkhazia/1998/265063/HA-i.jpg,847
/Abkhazia/1998/265063/HB-i.jpg,848
/Abkhazia/1998/265063/GP2-i.jpg,849
/Abkhazia/1998/265063/HC-i.jpg,850
/Abkhazia/1998/265064/HD-i.jpg,851
/Abkhazia/1998/265065/HE-i.jpg,852
/Abkhazia/1998/265065/HF-i.jpg,853
/Abkhazia/1998/265065/HG-i.jpg,854
/Abkhazia/1998/265066/HH-i.jpg,855
/Abkhazia/1998/265067/HI-i.jpg,856
/Abkhazia/1998/265068/HJ-i.jpg,857
/Abkhazia/1998/265069/HK-i.jpg,858
/Abkhazia/1998/265069/HL-i.jpg,859
/Abkhazia/1998/265070/HM-i.jpg,860
/Abkhazia/1998/265070/HN-i.jpg,861
/Abkhazia/1998/265070/HO-i.jpg,862
/Abkhazia/1998/265071/HP-i.jpg,863
/Abkhazia/1998/265071/HQ-i.jpg,864
/Abkhazia/1998/265071/HR-i.jpg,865
/Abkhazia/1998/265071/HS-i.jpg,866
/Abkhazia/1998/265071/HT-i.jpg,867
/Abkhazia/1998/265071/HU-i.jpg,868
/Abkhazia/1998/265071/HV-i.jpg,869
/Abkhazia/1998/265072/HW-i.jpg,870
/Abkhazia/1998/265072/HX-i.jpg,871
/Abkhazia/1998/265072/HY-i.jpg,872
/Abkhazia/1998/265072/HZ-i.jpg,873
/Abkhazia/1998/265072/IA-i.jpg,874
/Abkhazia/1998/265072/IB-i.jpg,875
/Abkhazia/1998/265072/IC-i.jpg,876
/Abkhazia/1998/265072/ID-i.jpg,877
/Abkhazia/1998/265072/IE-i.jpg,878
/Abkhazia/1998/265072/IF-i.jpg,879
/Abkhazia/1998/265072/IG-i.jpg,880
/Abkhazia/1998/265072/IH-i.jpg,881
/Abkhazia/1998/265072/II-i.jpg,882
/Abkhazia/1998/265072/IJ-i.jpg,883
/Abkhazia/1999/265154/JA-i.jpg,884
/Abkhazia/1999/265154/JB-i.jpg,885
/Abkhazia/1999/265154/JC-i.jpg,886
/Abkhazia/1999/265154/JD-i.jpg,887
/Abkhazia/1999/265154/JE-i.jpg,888
/Abkhazia/1999/265154/JF-i.jpg,889
/Abkhazia/1999/265154/JG-i.jpg,890
/Abkhazia/1999/265155/JH-i.jpg,891
/Abkhazia/1999/265156/JI-i.jpg,892
/Abkhazia/1999/265156/JJ-i.jpg,893
/Abkhazia/1999/265156/JK-i.jpg,894
/Abkhazia/1999/265156/JL-i.jpg,895
/Abkhazia/1999/265156/JM-i.jpg,896
/Abkhazia/1999/265156/JN-i.jpg,897
/Abkhazia/1999/265156/JO-i.jpg,898
/Abkhazia/1999/265156/JP-i.jpg,899
/Abkhazia/1999/265156/JQ-i.jpg,900
/Abkhazia/1999/265156/JR-i.jpg,901
/Abkhazia/1999/265156/JS-i.jpg,902
/Abkhazia/1999/265157/JT-i.jpg,903
/Abkhazia/1999/265157/JU-i.jpg,904
/Abkhazia/1999/265157/JV-i.jpg,905
/Abkhazia/1999/265157/JW-i.jpg,906
/Abkhazia/1999/265157/JX-i.jpg,907
/Abkhazia/1999/265157/JY-i.jpg,908
/Abkhazia/1999/265158/JT1-i.jpg,909
/Abkhazia/1999/265158/JZ-i.jpg,910
/Abkhazia/1999/265158/JU1-i.jpg,911
/Abkhazia/1999/265158/JY1-i.jpg,912
/Abkhazia/1999/265158/JW1-i.jpg,913
/Abkhazia/1999/265158/JX1-i.jpg,914
/Abkhazia/1999/265158/KA-i.jpg,915
/Abkhazia/1999/265158/KB-i.jpg,916
/Abkhazia/1999/265158/JV1-i.jpg,917
/Abkhazia/1999/265159/KC-i.jpg,918
/Abkhazia/1999/265159/KD-i.jpg,919
/Abkhazia/1999/265160/KE-i.jpg,920
/Abkhazia/1999/265160/KF-i.jpg,921
/Abkhazia/1999/265161/KG-i.jpg,922
/Abkhazia/1999/265161/KH-i.jpg,923
/Abkhazia/1999/265161/KI-i.jpg,924
/Abkhazia/1999/265162/KJ-i.jpg,925
/Abkhazia/1999/265162/KK-i.jpg,926
/Abkhazia/1999/265163/KL-i.jpg,927
/Abkhazia/1999/265163/KM-i.jpg,928
/Abkhazia/1999/265163/KN-i.jpg,929
/Abkhazia/1999/265163/KO-i.jpg,930
/Abkhazia/1999/265163/KP-i.jpg,931
/Abkhazia/1999/265163/KQ-i.jpg,932
/Abkhazia/1999/265163/KR-i.jpg,933
/Abkhazia/1999/265163/KS-i.jpg,934
/Abkhazia/1999/265166/KV-i.jpg,935
/Abkhazia/1999/265166/KW-i.jpg,936
/Abkhazia/1999/265166/KX-i.jpg,937
/Abkhazia/1999/265166/KY-i.jpg,938
/Abkhazia/1999/265166/KZ-i.jpg,939
/Abkhazia/1999/265166/LA-i.jpg,940
/Abkhazia/1999/265166/LB-i.jpg,941
/Abkhazia/1999/265166/LC-i.jpg,942
/Abkhazia/1999/265166/LD-i.jpg,943
/Abkhazia/1999/265166/LE-i.jpg,944
/Abkhazia/1999/265258/LF-i.jpg,945
/Abkhazia/1999/265258/LG-i.jpg,946
/Abkhazia/1999/265258/LH-i.jpg,947
/Abkhazia/1999/265258/LI-i.jpg,948
/Abkhazia/1999/265259/LJ-i.jpg,949
/Abkhazia/1999/265259/LK-i.jpg,950
/Abkhazia/1999/265259/LL-i.jpg,951
/Abkhazia/1999/265259/LM-i.jpg,952
/Abkhazia/1999/265259/LN-i.jpg,953
/Abkhazia/1999/265260/LO-i.jpg,954
/Abkhazia/2000/265261/LP-i.jpg,955
/Abkhazia/2000/265261/LQ-i.jpg,956
/Abkhazia/2000/265261/LR-i.jpg,957
/Abkhazia/2000/265261/LS-i.jpg,958
/Abkhazia/2000/265262/LT-i.jpg,959
/Abkhazia/2000/265263/LU-i.jpg,960
/Abkhazia/2000/265263/LV-i.jpg,961
/Abkhazia/2000/265277/LW-i.jpg,962
/Abkhazia/2000/265277/LX-i.jpg,963
/Abkhazia/2000/265277/LY-i.jpg,964
/Abkhazia/2000/265278/LZ-i.jpg,965
/Abkhazia/2000/265279/MA-i.jpg,966
/Abkhazia/2000/265280/MB-i.jpg,967
/Abkhazia/2000/265281/MC-i.jpg,968
/Abkhazia/2000/265281/MD-i.jpg,969
/Abkhazia/2000/265281/ME-i.jpg,970
/Abkhazia/2000/265282/MF-i.jpg,971
/Abkhazia/2000/265283/MG-i.jpg,972
/Abkhazia/2000/265283/MH-i.jpg,973
/Abkhazia/2000/265283/MI-i.jpg,974
/Abkhazia/2000/265283/MJ-i.jpg,975
/Abkhazia/2000/265283/MK-i.jpg,976
/Abkhazia/2000/265283/ML-i.jpg,977
/Abkhazia/2000/265283/MM-i.jpg,978
/Abkhazia/2000/265283/MN-i.jpg,979
/Abkhazia/2000/265283/MO-i.jpg,980
/Abkhazia/2000/265283/MP-i.jpg,981
/Abkhazia/2000/265391/MQ-i.jpg,982
/Abkhazia/2000/265391/MR-i.jpg,983
/Abkhazia/2000/265391/MS-i.jpg,984
/Abkhazia/2000/265391/MT-i.jpg,985
/Abkhazia/2000/265391/MU-i.jpg,986
/Abkhazia/2000/265391/MV-i.jpg,987
/Abkhazia/2000/265392/MW-i.jpg,988
/Abkhazia/2000/265393/JW2-i.jpg,989
/Abkhazia/2000/265393/JX2-i.jpg,990
/Abkhazia/2000/265393/JY2-i.jpg,991
/Abkhazia/2000/265393/JT2-i.jpg,992
/Abkhazia/2000/265393/JU2-i.jpg,993
/Abkhazia/2000/265393/JV2-i.jpg,994
/Abkhazia/2000/265394/JT3-i.jpg,995
/Abkhazia/2000/265394/JZ1-i.jpg,996
/Abkhazia/2000/265394/JU3-i.jpg,997
/Abkhazia/2000/265394/JY3-i.jpg,998
/Abkhazia/2000/265394/JW3-i.jpg,999
/Abkhazia/2000/265394/JX3-i.jpg,1000
/Abkhazia/2000/265394/KA1-i.jpg,1001
/Abkhazia/2000/265394/KB1-i.jpg,1002
/Abkhazia/2000/265394/JV3-i.jpg,1003
/Abkhazia/2000/265395/MX-i.jpg,1004
/Abkhazia/2000/265396/MY-i.jpg,1005
/Abkhazia/2000/265397/MZ-i.jpg,1006
/Abkhazia/2000/265397/NA-i.jpg,1007
/Abkhazia/2000/265398/NB-i.jpg,1008
/Abkhazia/2000/265398/NC-i.jpg,1009
/Abkhazia/2000/265398/ND-i.jpg,1010
/Abkhazia/2000/265399/NE-i.jpg,1011
/Abkhazia/2000/265399/NF-i.jpg,1012
/Abkhazia/2000/265400/NG-i.jpg,1013
/Abkhazia/2000/265401/NH-i.jpg,1014
/Abkhazia/2000/265402/NI-i.jpg,1015
/Abkhazia/2000/265402/NJ-i.jpg,1016
/Abkhazia/2000/265403/NK-i.jpg,1017
/Abkhazia/2000/265403/NL-i.jpg,1018
/Abkhazia/2000/265403/NM-i.jpg,1019
/Abkhazia/2000/265403/NN-i.jpg,1020
/Abkhazia/2000/265403/NO-i.jpg,1021
/Abkhazia/2001/265405/MX1-i.jpg,1022
/Abkhazia/2001/265407/OF-i.jpg,1023
/Abkhazia/2001/265407/OG-i.jpg,1024
/Abkhazia/2001/265407/OH-i.jpg,1025
/Abkhazia/2001/265408/OI-i.jpg,1026
/Abkhazia/2001/265409/OJ-i.jpg,1027
/Abkhazia/2001/265410/OK-i.jpg,1028
/Abkhazia/2001/265411/OL-i.jpg,1029
/Abkhazia/2001/265457/OM-i.jpg,1030
/Abkhazia/2001/265457/ON-i.jpg,1031
/Abkhazia/2001/265457/OO-i.jpg,1032
/Abkhazia/2001/265457/OP-i.jpg,1033
/Abkhazia/2001/265457/OQ-i.jpg,1034
/Abkhazia/2001/265457/OR-i.jpg,1035
/Abkhazia/2001/265457/OS-i.jpg,1036
/Abkhazia/2001/265457/OT-i.jpg,1037
/Abkhazia/2001/265458/OU-i.jpg,1038
/Abkhazia/2001/265458/OV-i.jpg,1039
/Abkhazia/2001/265458/OW-i.jpg,1040
/Abkhazia/2001/265458/OX-i.jpg,1041
/Abkhazia/2001/265458/OY-i.jpg,1042
/Abkhazia/2001/265458/OZ-i.jpg,1043
/Abkhazia/2001/265458/PA-i.jpg,1044
/Abkhazia/2001/265458/PB-i.jpg,1045
/Abkhazia/2001/265458/PC-i.jpg,1046
/Abkhazia/2001/265458/PD-i.jpg,1047
/Abkhazia/2001/265458/PE-i.jpg,1048
/Abkhazia/2001/265458/PF-i.jpg,1049
/Abkhazia/2001/265459/PG-i.jpg,1050
/Abkhazia/2001/265459/PH-i.jpg,1051
/Abkhazia/2001/265459/PI-i.jpg,1052
/Abkhazia/2001/265460/PJ-i.jpg,1053
/Abkhazia/2001/265461/PK-i.jpg,1054
/Abkhazia/2001/265462/PL-i.jpg,1055
/Abkhazia/2001/265463/PM-i.jpg,1056
/Abkhazia/2001/265464/PN-i.jpg,1057
/Abkhazia/2001/265464/PO-i.jpg,1058
/Abkhazia/2001/265465/PP-i.jpg,1059
/Abkhazia/2002/265466/PQ-i.jpg,1060
/Abkhazia/2002/265467/PR-i.jpg,1061
/Abkhazia/2002/265467/PS-i.jpg,1062
/Abkhazia/2002/265467/PT-i.jpg,1063
/Abkhazia/2002/265467/PU-i.jpg,1064
/Abkhazia/2002/265467/PV-i.jpg,1065
/Abkhazia/2002/265467/PW-i.jpg,1066
/Abkhazia/2002/265467/PX-i.jpg,1067
/Abkhazia/2002/265467/PY-i.jpg,1068
/Abkhazia/2002/265468/PZ-i.jpg,1069
/Abkhazia/2002/265468/QA-i.jpg,1070
/Abkhazia/2002/265468/QB-i.jpg,1071
/Abkhazia/2002/265469/QC-i.jpg,1072
/Abkhazia/2002/265469/QD-i.jpg,1073
/Abkhazia/2002/265469/QE-i.jpg,1074
/Abkhazia/2002/265470/QF-i.jpg,1075
/Abkhazia/2002/265470/QG-i.jpg,1076
/Abkhazia/2002/265470/QH-i.jpg,1077
/Abkhazia/2002/265470/QI-i.jpg,1078
/Abkhazia/2002/265470/QJ-i.jpg,1079
/Abkhazia/2002/265470/QK-i.jpg,1080
/Abkhazia/2002/265470/QL-i.jpg,1081
/Abkhazia/2002/265470/QM-i.jpg,1082
/Abkhazia/2002/265471/QN-i.jpg,1083
/Abkhazia/2002/265472/QO-i.jpg,1084
/Abkhazia/2002/265473/QP-i.jpg,1085
/Abkhazia/2002/265473/QQ-i.jpg,1086
/Abkhazia/2002/265473/QR-i.jpg,1087
/Abkhazia/2002/265473/QS-i.jpg,1088
/Abkhazia/2002/265473/QT-i.jpg,1089
/Abkhazia/2002/265473/QU-i.jpg,1090
/Abkhazia/2002/265473/QV-i.jpg,1091
/Abkhazia/2002/265473/QW-i.jpg,1092
/Abkhazia/2002/265473/QX-i.jpg,1093
/Abkhazia/2002/265474/QY-i.jpg,1094
/Abkhazia/2002/265475/QZ-i.jpg,1095
/Abkhazia/2002/265476/RA-i.jpg,1096
/Abkhazia/2002/265477/RB-i.jpg,1097
/Abkhazia/2002/265477/RC-i.jpg,1098
/Abkhazia/2002/265477/RD-i.jpg,1099
/Abkhazia/2002/265477/RE-i.jpg,1100
/Abkhazia/2002/265477/RF-i.jpg,1101
/Abkhazia/2002/265477/RG-i.jpg,1102
/Abkhazia/2002/265477/RH-i.jpg,1103
/Abkhazia/2002/265477/RI-i.jpg,1104
/Abkhazia/2002/265477/RJ-i.jpg,1105
/Abkhazia/2002/265478/RK-i.jpg,1106
/Abkhazia/2002/265478/RL-i.jpg,1107
/Abkhazia/2002/265478/RM-i.jpg,1108
/Abkhazia/2002/265478/RN-i.jpg,1109
/Abkhazia/2002/265478/RO-i.jpg,1110
/Abkhazia/2002/265478/RP-i.jpg,1111
/Abkhazia/2002/265478/RQ-i.jpg,1112
/Abkhazia/2002/265478/RR-i.jpg,1113
/Abkhazia/2002/265478/RS-i.jpg,1114
/Abkhazia/2002/265479/RT-i.jpg,1115
/Abkhazia/2002/265480/RU-i.jpg,1116
/Abkhazia/2002/265480/RV-i.jpg,1117
/Abkhazia/2003/265483/RW-i.jpg,1118
/Abkhazia/2003/265483/RX-i.jpg,1119
/Abkhazia/2003/265483/RY-i.jpg,1120
/Abkhazia/2003/265483/RZ-i.jpg,1121
/Abkhazia/2003/265483/SA-i.jpg,1122
/Abkhazia/2003/265483/SB-i.jpg,1123
/Abkhazia/2003/265483/SC-i.jpg,1124
/Abkhazia/2003/265483/SD-i.jpg,1125
/Abkhazia/2003/265483/SE-i.jpg,1126
/Abkhazia/2003/265484/SF-i.jpg,1127
/Abkhazia/2003/265484/SG-i.jpg,1128
/Abkhazia/2003/265484/SH-i.jpg,1129
/Abkhazia/2003/265484/SI-i.jpg,1130
/Abkhazia/2003/265484/SJ-i.jpg,1131
/Abkhazia/2003/265484/SK-i.jpg,1132
/Abkhazia/2003/265484/SL-i.jpg,1133
/Abkhazia/2003/265484/SM-i.jpg,1134
/Abkhazia/2003/265484/SN-i.jpg,1135
/Abkhazia/2003/265485/SO-i.jpg,1136
/Abkhazia/2003/265486/SP-i.jpg,1137
/Abkhazia/2003/265486/SQ-i.jpg,1138
/Abkhazia/2003/265486/SR-i.jpg,1139
/Abkhazia/2003/265486/SS-i.jpg,1140
/Abkhazia/2003/265486/ST-i.jpg,1141
/Abkhazia/2003/265486/SU-i.jpg,1142
/Abkhazia/2003/265487/SV-i.jpg,1143
/Abkhazia/2003/265487/SW-i.jpg,1144
/Abkhazia/2003/265487/SX-i.jpg,1145
/Abkhazia/2003/265487/SY-i.jpg,1146
/Abkhazia/2003/265487/SV1-i.jpg,1147
/Abkhazia/2003/265487/SW1-i.jpg,1148
/Abkhazia/2003/265487/SX1-i.jpg,1149
/Abkhazia/2003/265487/SY1-i.jpg,1150
/Abkhazia/2003/265488/SZ-i.jpg,1151
/Abkhazia/2003/265488/SV2-i.jpg,1152
/Abkhazia/2003/265489/SZ1-i.jpg,1153
/Abkhazia/2003/265489/SV3-i.jpg,1154
/Abkhazia/2003/265490/TA-i.jpg,1155
/Abkhazia/2003/265490/TB-i.jpg,1156
/Abkhazia/2003/265490/TC-i.jpg,1157
/Abkhazia/2003/265490/TD-i.jpg,1158
/Abkhazia/2003/265490/TE-i.jpg,1159
/Abkhazia/2003/265490/TF-i.jpg,1160
/Abkhazia/2003/265490/TG-i.jpg,1161
/Abkhazia/2003/265490/TH-i.jpg,1162
/Abkhazia/2003/265490/TI-i.jpg,1163
/Abkhazia/2003/265491/TJ-i.jpg,1164
/Abkhazia/2003/265492/TK-i.jpg,1165
/Abkhazia/2003/265493/TL-i.jpg,1166
/Abkhazia/2003/265493/TL1-i.jpg,1167
/Abkhazia/2003/265494/TM-i.jpg,1168
/Abkhazia/2003/265494/TN-i.jpg,1169
/Abkhazia/2003/265494/TM1-i.jpg,1170
/Abkhazia/2003/265495/TO-i.jpg,1171
/Abkhazia/2003/265496/TP-i.jpg,1172
/Abkhazia/2003/265497/TQ-i.jpg,1173
/Abkhazia/2003/265498/TR-i.jpg,1174
/Abkhazia/2003/265499/TS-i.jpg,1175
/Abkhazia/2003/265499/TT-i.jpg,1176
/Abkhazia/2003/265499/TU-i.jpg,1177
/Abkhazia/2003/265499/TV-i.jpg,1178
/Abkhazia/2003/265499/TW-i.jpg,1179
/Abkhazia/2003/265499/TX-i.jpg,1180
/Abkhazia/2003/265499/TY-i.jpg,1181
/Abkhazia/2003/265499/TZ-i.jpg,1182
/Abkhazia/2003/265499/UA-i.jpg,1183
/Abkhazia/2004/265500/UB-i.jpg,1184
/Abkhazia/2004/265500/UC-i.jpg,1185
/Abkhazia/2004/265500/UD-i.jpg,1186
/Abkhazia/2004/265500/UE-i.jpg,1187
/Abkhazia/2004/265500/UF-i.jpg,1188
/Abkhazia/2004/265500/UG-i.jpg,1189
/Abkhazia/2004/265500/UH-i.jpg,1190
/Abkhazia/2004/265500/UI-i.jpg,1191
/Abkhazia/2004/265500/UJ-i.jpg,1192
/Abkhazia/2004/265501/UK-i.jpg,1193
/Abkhazia/2004/265501/UL-i.jpg,1194
/Abkhazia/2004/265501/UM-i.jpg,1195
/Abkhazia/2004/265501/UN-i.jpg,1196
/Abkhazia/2004/265501/UO-i.jpg,1197
/Abkhazia/2004/265501/UP-i.jpg,1198
/Abkhazia/2004/265501/UQ-i.jpg,1199
/Abkhazia/2004/265501/UR-i.jpg,1200
/Abkhazia/2004/265502/US-i.jpg,1201
/Abkhazia/2004/265503/UT-i.jpg,1202
/Abkhazia/2004/265503/UU-i.jpg,1203
/Abkhazia/2004/265503/UV-i.jpg,1204
/Abkhazia/2004/265503/UW-i.jpg,1205
/Abkhazia/2004/265503/UX-i.jpg,1206
/Abkhazia/2004/265503/UY-i.jpg,1207
/Abkhazia/2004/265503/UZ-i.jpg,1208
/Abkhazia/2004/265503/VA-i.jpg,1209
/Abkhazia/2004/265504/VB-i.jpg,1210
/Abkhazia/2004/265504/VB1-i.jpg,1211
/Abkhazia/2004/265504/VB2-i.jpg,1212
/Abkhazia/2004/265504/VB3-i.jpg,1213
/Abkhazia/2005/265505/VC-i.jpg,1214
/Abkhazia/2005/265506/VD-i.jpg,1215
/Abkhazia/2005/265507/VE-i.jpg,1216
/Abkhazia/2005/265508/VF-i.jpg,1217
/Abkhazia/2005/265508/VG-i.jpg,1218
/Abkhazia/2005/265509/VH-i.jpg,1219
/Abkhazia/2005/265509/VI-i.jpg,1220
/Abkhazia/2005/265509/VJ-i.jpg,1221
/Abkhazia/2005/265509/VK-i.jpg,1222
/Abkhazia/2005/265510/VL-i.jpg,1223
/Abkhazia/2005/265511/VM-i.jpg,1224
/Abkhazia/2005/265512/VB4-i.jpg,1225
/Abkhazia/2005/265512/VB5-i.jpg,1226
/Abkhazia/2005/265512/VB6-i.jpg,1227
/Abkhazia/2005/265512/VB7-i.jpg,1228
/Abkhazia/2005/265513/VN-i.jpg,1229
/Abkhazia/2005/265513/VO-i.jpg,1230
/Abkhazia/2005/265513/VP-i.jpg,1231
/Abkhazia/2005/265513/VQ-i.jpg,1232
/Abkhazia/2005/265513/VR-i.jpg,1233
/Abkhazia/2005/265513/VS-i.jpg,1234
/Abkhazia/2005/265513/VT-i.jpg,1235
/Abkhazia/2005/265513/VU-i.jpg,1236
/Abkhazia/2005/265514/VV-i.jpg,1237
/Abkhazia/2005/265514/VW-i.jpg,1238
/Abkhazia/2005/265514/VX-i.jpg,1239
/Abkhazia/2005/265514/VY-i.jpg,1240
/Abkhazia/2005/265514/VZ-i.jpg,1241
/Abkhazia/2005/265514/WA-i.jpg,1242
/Abkhazia/2005/265514/WB-i.jpg,1243
/Abkhazia/2005/265514/WC-i.jpg,1244
/Abkhazia/2006/265550/WD-i.jpg,1245
/Abkhazia/2006/265551/WE-i.jpg,1246
/Abkhazia/2006/265551/WF-i.jpg,1247
/Abkhazia/2006/265551/WG-i.jpg,1248
/Abkhazia/2006/265551/WH-i.jpg,1249
/Abkhazia/2006/265551/WI-i.jpg,1250
/Abkhazia/2006/265551/WJ-i.jpg,1251
/Abkhazia/2006/265551/WK-i.jpg,1252
/Abkhazia/2006/265551/WL-i.jpg,1253
/Abkhazia/2006/265552/WM-i.jpg,1254
/Abkhazia/2006/265552/WN-i.jpg,1255
/Abkhazia/2006/265552/WO-i.jpg,1256
/Abkhazia/2006/265553/WM1-i.jpg,1257
/Abkhazia/2006/265553/WN1-i.jpg,1258
/Abkhazia/2006/265553/WO1-i.jpg,1259
/Abkhazia/2006/265554/WP-i.jpg,1260
/Abkhazia/2006/265555/WQ-i.jpg,1261
/Abkhazia/2006/265556/WR-i.jpg,1262
/Abkhazia/2006/265557/WS-i.jpg,1263
/Abkhazia/2006/265557/WS1-i.jpg,1264
/Abkhazia/2006/265558/WU-i.jpg,1265
/Abkhazia/2006/265559/WV-i.jpg,1266
/Abkhazia/2006/265559/WW-i.jpg,1267
/Abkhazia/2006/265559/WX-i.jpg,1268
/Abkhazia/2006/265559/WY-i.jpg,1269
/Abkhazia/2006/265559/WZ-i.jpg,1270
/Abkhazia/2006/265559/XA-i.jpg,1271
/Abkhazia/2006/265559/XB-i.jpg,1272
/Abkhazia/2006/265559/XC-i.jpg,1273
/Abkhazia/2006/265559/XD-i.jpg,1274
/Abkhazia/2006/265560/WV1-i.jpg,1275
/Abkhazia/2006/265560/WW1-i.jpg,1276
/Abkhazia/2006/265560/WX1-i.jpg,1277
/Abkhazia/2006/265560/WY1-i.jpg,1278
/Abkhazia/2006/265560/WZ1-i.jpg,1279
/Abkhazia/2006/265560/XA1-i.jpg,1280
/Abkhazia/2006/265560/XB1-i.jpg,1281
/Abkhazia/2006/265560/XC1-i.jpg,1282
/Abkhazia/2006/265560/XD1-i.jpg,1283
/Abkhazia/2006/265561/XE-i.jpg,1284
/Abkhazia/2006/265561/XF-i.jpg,1285
/Abkhazia/2006/265561/XG-i.jpg,1286
/Abkhazia/2006/265562/XE1-i.jpg,1287
/Abkhazia/2006/265562/XF1-i.jpg,1288
/Abkhazia/2006/265562/XG1-i.jpg,1289
/Abkhazia/2006/265563/XH-i.jpg,1290
/Abkhazia/2006/265563/XI-i.jpg,1291
/Abkhazia/2006/265563/XJ-i.jpg,1292
/Abkhazia/2006/265564/XH1-i.jpg,1293
/Abkhazia/2006/265564/XI1-i.jpg,1294
/Abkhazia/2006/265564/XJ1-i.jpg,1295
/Abkhazia/2006/265565/XK-i.jpg,1296
/Abkhazia/2006/265565/XL-i.jpg,1297
/Abkhazia/2006/265565/XM-i.jpg,1298
/Abkhazia/2006/265566/XK1-i.jpg,1299
/Abkhazia/2006/265566/XL1-i.jpg,1300
/Abkhazia/2006/265566/XM1-i.jpg,1301
/Abkhazia/2007/265571/XN-i.jpg,1302
/Abkhazia/2007/265572/XO-i.jpg,1303
/Abkhazia/2007/265572/XP-i.jpg,1304
/Abkhazia/2007/265572/XQ-i.jpg,1305
/Abkhazia/2007/265572/XR-i.jpg,1306
/Abkhazia/2007/265572/XS-i.jpg,1307
/Abkhazia/2007/265572/XT-i.jpg,1308
/Abkhazia/2007/265575/XU-i.jpg,1309
/Abkhazia/2007/265576/XV-i.jpg,1310
/Abkhazia/2007/265577/XW-i.jpg,1311
/Abkhazia/2007/265577/XX-i.jpg,1312
/Abkhazia/2007/265577/XY-i.jpg,1313
/Abkhazia/2007/265577/XZ-i.jpg,1314
/Abkhazia/2007/265577/YA-i.jpg,1315
/Abkhazia/2007/265579/YB-i.jpg,1316
/Abkhazia/2007/265579/YB1-i.jpg,1317
/Abkhazia/2007/265580/YC-i.jpg,1318
/Abkhazia/2007/265580/YD-i.jpg,1319
/Abkhazia/2007/265580/YD1-i.jpg,1320
/Abkhazia/2007/265581/YE-i.jpg,1321
/Abkhazia/2007/265582/YD2-i.jpg,1322
/Abkhazia/2007/265582/YD3-i.jpg,1323
/Abkhazia/2007/265583/YF-i.jpg,1324
/Abkhazia/2007/265583/YG-i.jpg,1325
/Abkhazia/2007/265583/YH-i.jpg,1326
/Abkhazia/2007/265583/YI-i.jpg,1327
/Abkhazia/2007/265583/YJ-i.jpg,1328
/Abkhazia/2007/265583/YK-i.jpg,1329
/Abkhazia/2007/265583/YL-i.jpg,1330
/Abkhazia/2007/265583/YM-i.jpg,1331
/Abkhazia/2007/265583/YN-i.jpg,1332
/Abkhazia/2007/265584/YO-i.jpg,1333
/Abkhazia/2007/265584/YP-i.jpg,1334
/Abkhazia/2007/265584/YQ-i.jpg,1335
/Abkhazia/2007/265584/YR-i.jpg,1336
/Abkhazia/2007/265584/YS-i.jpg,1337
/Abkhazia/2007/265584/YT-i.jpg,1338
/Abkhazia/2007/265584/YU-i.jpg,1339
/Abkhazia/2007/265584/YV-i.jpg,1340
/Abkhazia/2007/265584/YW-i.jpg,1341
/Abkhazia/2007/265585/YX-i.jpg,1342
/Abkhazia/2007/265585/YY-i.jpg,1343
/Abkhazia/2007/265585/YZ-i.jpg,1344
/Abkhazia/2007/265585/ZA-i.jpg,1345
/Abkhazia/2007/265585/ZB-i.jpg,1346
/Abkhazia/2007/265585/ZC-i.jpg,1347
/Abkhazia/2007/265585/ZD-i.jpg,1348
/Abkhazia/2007/265585/ZE-i.jpg,1349
/Abkhazia/2007/265585/ZF-i.jpg,1350
/Abkhazia/2008/265586/ZG-i.jpg,1351
/Abkhazia/2008/265586/ZH-i.jpg,1352
/Abkhazia/2008/265587/ZI-i.jpg,1353
/Abkhazia/2008/265588/ZJ-i.jpg,1354
/Abkhazia/2008/265589/ZK-i.jpg,1355
/Abkhazia/2008/265590/ZK1-i.jpg,1356
/Abkhazia/2008/265591/ZL-i.jpg,1357
/Abkhazia/2008/265591/ZL1-i.jpg,1358
/Abkhazia/2008/265591/ZL2-i.jpg,1359
/Abkhazia/2008/265591/ZL3-i.jpg,1360
/Abkhazia/2008/265592/ZM-i.jpg,1361
/Abkhazia/2008/265593/ZN-i.jpg,1362
/Abkhazia/2008/265594/ZO-i.jpg,1363
/Abkhazia/2008/265596/ZP-i.jpg,1364
/Abkhazia/2008/265596/ZQ-i.jpg,1365
/Abkhazia/2008/265596/ZR-i.jpg,1366
/Abkhazia/2008/265597/ZS-i.jpg,1367
/Abkhazia/2008/265728/ZT-i.jpg,1368
/Abkhazia/2008/265729/ZU-i.jpg,1369
/Abkhazia/2008/265730/ZV-i.jpg,1370
/Abkhazia/2008/265730/ZW-i.jpg,1371
/Abkhazia/2008/265730/ZX-i.jpg,1372
/Abkhazia/2008/265730/ZY-i.jpg,1373
/Abkhazia/2008/265730/ZZ-i.jpg,1374
/Abkhazia/2008/265730/AAA-i.jpg,1375
/Abkhazia/2008/265730/AAB-i.jpg,1376
/Abkhazia/2008/265730/AAC-i.jpg,1377
/Abkhazia/2008/265730/AAD-i.jpg,1378
/Abkhazia/2008/265731/AAE-i.jpg,1379
/Abkhazia/2008/265732/AAF-i.jpg,1380
/Abkhazia/2008/265732/AAG-i.jpg,1381
/Abkhazia/2008/265732/AAH-i.jpg,1382
/Abkhazia/2008/265732/AAI-i.jpg,1383
/Abkhazia/2008/265732/AAJ-i.jpg,1384
/Abkhazia/2008/265732/AAK-i.jpg,1385
/Abkhazia/2008/265732/AAL-i.jpg,1386
/Abkhazia/2008/265732/AAM-i.jpg,1387
/Abkhazia/2008/265732/AAN-i.jpg,1388
/Abkhazia/2008/265733/AAO-i.jpg,1389
/Abkhazia/2008/265734/AAP-i.jpg,1390
/Abkhazia/2008/265735/AAQ-i.jpg,1391
/Abkhazia/2008/265736/AAR-i.jpg,1392
/Abkhazia/2008/265736/AAS-i.jpg,1393
/Abkhazia/2008/265736/AAT-i.jpg,1394
/Abkhazia/2008/265736/AAU-i.jpg,1395
/Abkhazia/2008/265736/AAV-i.jpg,1396
/Abkhazia/2008/265736/AAW-i.jpg,1397
/Abkhazia/2008/265736/AAX-i.jpg,1398
/Abkhazia/2008/265736/AAY-i.jpg,1399
/Abkhazia/2008/265736/AAZ-i.jpg,1400
/Abkhazia/2008/265737/ABA-i.jpg,1401
/Abkhazia/2008/265737/ABB-i.jpg,1402
/Abkhazia/2008/265737/ABC-i.jpg,1403
/Abkhazia/2008/265737/ABD-i.jpg,1404
/Abkhazia/2008/265737/ABE-i.jpg,1405
/Abkhazia/2008/265737/ABF-i.jpg,1406
/Abkhazia/2008/265737/ABG-i.jpg,1407
/Abkhazia/2008/265737/ABH-i.jpg,1408
/Abkhazia/2008/265737/ABI-i.jpg,1409
/Abkhazia/2008/265738/ABJ-i.jpg,1410
/Abkhazia/2008/265738/ABK-i.jpg,1411
/Abkhazia/2008/265738/ABL-i.jpg,1412
/Abkhazia/2008/265739/ABM-i.jpg,1413
/Abkhazia/2008/265739/ABN-i.jpg,1414
/Abkhazia/2008/265739/ABO-i.jpg,1415
/Abkhazia/2008/265739/ABP-i.jpg,1416
/Abkhazia/2008/265739/ABQ-i.jpg,1417
/Abkhazia/2008/265739/ABR-i.jpg,1418
/Abkhazia/2009/265757/ABS-i.jpg,1419
/Abkhazia/2009/265757/ABT-i.jpg,1420
/Abkhazia/2009/265757/ABU-i.jpg,1421
/Abkhazia/2009/265757/ABV-i.jpg,1422
/Abkhazia/2009/265757/ABW-i.jpg,1423
/Abkhazia/2009/265757/ABX-i.jpg,1424
/Abkhazia/2009/265757/ABY-i.jpg,1425
/Abkhazia/2009/265757/ABZ-i.jpg,1426
/Abkhazia/2009/265757/ACA-i.jpg,1427
/Abkhazia/2009/265758/ACB-i.jpg,1428
/Abkhazia/2009/265758/ACC-i.jpg,1429
/Abkhazia/2009/265758/ACD-i.jpg,1430
/Abkhazia/2009/265758/ACE-i.jpg,1431
/Abkhazia/2009/265758/ACF-i.jpg,1432
/Abkhazia/2009/265758/ACG-i.jpg,1433
/Abkhazia/2009/265758/ACH-i.jpg,1434
/Abkhazia/2009/265758/ACI-i.jpg,1435
/Abkhazia/2009/265758/ACJ-i.jpg,1436
/Abkhazia/2009/265758/ACK-i.jpg,1437
/Abkhazia/2009/265758/ACL-i.jpg,1438
/Abkhazia/2009/265758/ACM-i.jpg,1439
/Abkhazia/2009/265759/ACN-i.jpg,1440
/Abkhazia/2009/265759/ACO-i.jpg,1441
/Abkhazia/2009/265759/ACP-i.jpg,1442
/Abkhazia/2009/265759/ACQ-i.jpg,1443
/Abkhazia/2009/265759/ACR-i.jpg,1444
/Abkhazia/2009/265759/ACS-i.jpg,1445
/Abkhazia/2009/265759/ACT-i.jpg,1446
/Abkhazia/2009/265759/ACU-i.jpg,1447
/Abkhazia/2009/265759/ACV-i.jpg,1448
/Abkhazia/2009/265759/ACW-i.jpg,1449
/Abkhazia/2009/265759/ACX-i.jpg,1450
/Abkhazia/2009/265759/ACY-i.jpg,1451
/Abkhazia/2009/265811/ACZ-i.jpg,1452
/Abkhazia/2009/265812/ADA-i.jpg,1453
/Abkhazia/2009/265812/ADB-i.jpg,1454
/Abkhazia/2009/265812/ADC-i.jpg,1455
/Abkhazia/2009/265812/ADD-i.jpg,1456
/Abkhazia/2009/265812/ADE-i.jpg,1457
/Abkhazia/2009/265813/ADF-i.jpg,1458
/Abkhazia/2009/265813/ADG-i.jpg,1459
/Abkhazia/2009/265814/ADH-i.jpg,1460
/Abkhazia/2009/265815/ADI-i.jpg,1461
/Abkhazia/2009/265815/ADJ-i.jpg,1462
/Abkhazia/2009/265816/ADK-i.jpg,1463
/Abkhazia/2009/265817/ADL-i.jpg,1464
/Abkhazia/2009/265818/ADM-i.jpg,1465
/Abkhazia/2009/265818/ADN-i.jpg,1466
/Abkhazia/2009/265819/ADO-i.jpg,1467
/Abkhazia/2009/265820/ADP-i.jpg,1468
/Abkhazia/2009/265821/ADQ-i.jpg,1469
/Abkhazia/2009/265822/ADR-i.jpg,1470
/Abkhazia/2009/265823/ADS-i.jpg,1471
/Abkhazia/2009/265823/ADT-i.jpg,1472
/Abkhazia/2009/265824/ADU-i.jpg,1473
/Abkhazia/2010/265825/ADV-i.jpg,1474
/Abkhazia/2010/265825/ADW-i.jpg,1475
/Abkhazia/2010/265825/ADX-i.jpg,1476
/Abkhazia/2010/265825/ADY-i.jpg,1477
/Abkhazia/2010/265825/ADZ-i.jpg,1478
/Abkhazia/2010/265825/AEA-i.jpg,1479
/Abkhazia/2010/265825/AEB-i.jpg,1480
/Abkhazia/2010/265825/AEC-i.jpg,1481
/Abkhazia/2010/265825/AED-i.jpg,1482
/Abkhazia/2010/265825/AEE-i.jpg,1483
/Abkhazia/2010/265825/AEF-i.jpg,1484
/Abkhazia/2010/265825/AEG-i.jpg,1485
/Abkhazia/2010/265825/AEH-i.jpg,1486
/Abkhazia/2010/265825/AEI-i.jpg,1487
/Abkhazia/2010/265825/AEJ-i.jpg,1488
/Abkhazia/2010/265825/AEK-i.jpg,1489
/Abkhazia/2010/265825/AEL-i.jpg,1490
/Abkhazia/2010/265825/AEM-i.jpg,1491
/Abkhazia/2010/265825/AEN-i.jpg,1492
/Abkhazia/2010/265826/AEO-i.jpg,1493
/Abkhazia/2010/265826/AEP-i.jpg,1494
/Abkhazia/2010/265827/AEQ-i.jpg,1495
/Abkhazia/2010/265827/AER-i.jpg,1496
/Abkhazia/2010/265828/AES-i.jpg,1497
/Abkhazia/2010/265828/AET-i.jpg,1498
/Abkhazia/2010/265829/AEU-i.jpg,1499
/Abkhazia/2010/265829/AEV-i.jpg,1500
/Abkhazia/2010/265867/AEW-i.jpg,1501
/Abkhazia/2010/265868/AEX-i.jpg,1502
/Abkhazia/2010/265869/AEY-i.jpg,1503
/Abkhazia/2010/265870/AEZ-i.jpg,1504
/Abu Dhabi/1964/17532/A-i.jpg,1505
/Abu Dhabi/1964/17532/A1-i.jpg,1506
/Abu Dhabi/1964/17532/A2-i.jpg,1507
/Abu Dhabi/1964/17532/A3-i.jpg,1508
/Abu Dhabi/1964/17532/B-i.jpg,1509
/Abu Dhabi/1964/17532/B1-i.jpg,1510
/Abu Dhabi/1964/17532/B2-i.jpg,1511
/Abu Dhabi/1964/17535/C-i.jpg,1512
/Abu Dhabi/1964/17535/C1-i.jpg,1513
/Abu Dhabi/1964/17535/D-i.jpg,1514
/Abu Dhabi/1964/17535/D1-i.jpg,1515
/Abu Dhabi/1965/17537/E-i.jpg,1516
/Abu Dhabi/1965/17537/F-i.jpg,1517
/Abu Dhabi/1965/17537/G-i.jpg,1518
/Abu Dhabi/1966/17540/H-i.jpg,1519
/Abu Dhabi/1966/17540/H1-i.jpg,1520
/Abu Dhabi/1966/17540/H2-i.jpg,1521
/Abu Dhabi/1966/17540/H3-i.jpg,1522
/Abu Dhabi/1966/17540/I-i.jpg,1523
/Abu Dhabi/1966/17540/I1-i.jpg,1524
/Abu Dhabi/1966/17540/I2-i.jpg,1525
/Abu Dhabi/1966/17540/J1-i.jpg,1526
/Abu Dhabi/1966/17540/J2-i.jpg,1527
/Abu Dhabi/1966/17540/J3-i.jpg,1528
/Abu Dhabi/1966/17540/J4-i.jpg,1529
/Abu Dhabi/1967/17546/K-i.jpg,1530
/Abu Dhabi/1967/17546/K1-i.jpg,1531
/Abu Dhabi/1967/17546/K2-i.jpg,1532
/Abu Dhabi/1967/17546/K3-i.jpg,1533
/Abu Dhabi/1967/17546/L-i.jpg,1534
/Abu Dhabi/1967/17546/L1-i.jpg,1535
/Abu Dhabi/1967/17546/L2-i.jpg,1536
/Abu Dhabi/1967/17546/L3-i.jpg,1537
/Abu Dhabi/1967/17546/M-i.jpg,1538
/Abu Dhabi/1967/17546/N-i.jpg,1539
/Abu Dhabi/1967/17546/O-i.jpg,1540
/Abu Dhabi/1967/17546/P-i.jpg,1541
/Abu Dhabi/1967/27163/Q-i.jpg,1542
/Abu Dhabi/1967/27163/Q1-i.jpg,1543
/Abu Dhabi/1967/27163/Q2-i.jpg,1544
/Abu Dhabi/1967/27163/Q3-i.jpg,1545
/Abu Dhabi/1968/17553/R-i.jpg,1546
/Abu Dhabi/1968/17553/R1-i.jpg,1547
/Abu Dhabi/1968/17553/R2-i.jpg,1548
/Abu Dhabi/1968/17555/S-i.jpg,1549
/Abu Dhabi/1968/17555/S1-i.jpg,1550
/Abu Dhabi/1968/17555/S2-i.jpg,1551
/Abu Dhabi/1968/17555/S3-i.jpg,1552
/Abu Dhabi/1969/17558/T-i.jpg,1553
/Abu Dhabi/1969/17558/U-i.jpg,1554
/Abu Dhabi/1969/17558/V-i.jpg,1555
/Abu Dhabi/1969/17560/W-i.jpg,1556
/Abu Dhabi/1969/17560/X-i.jpg,1557
/Abu Dhabi/1969/17560/Y-i.jpg,1558
/Abu Dhabi/1969/17560/Z-i.jpg,1559
/Abu Dhabi/1969/220889/K4-i.jpg,1560
/Abu Dhabi/1970/17563/AA-i.jpg,1561
/Abu Dhabi/1970/17563/AB-i.jpg,1562
/Abu Dhabi/1970/17563/AA1-i.jpg,1563
/Abu Dhabi/1970/17563/AB1-i.jpg,1564
/Abu Dhabi/1970/17563/AB2-i.jpg,1565
/Abu Dhabi/1970/17563/AA2-i.jpg,1566
/Abu Dhabi/1970/17563/AB3-i.jpg,1567
/Abu Dhabi/1970/17563/AA3-i.jpg,1568
/Abu Dhabi/1970/17570/AC-i.jpg,1569
/Abu Dhabi/1970/17570/AC1-i.jpg,1570
/Abu Dhabi/1970/17570/AC2-i.jpg,1571
/Abu Dhabi/1970/17547/AD-i.jpg,1572
/Abu Dhabi/1970/17547/AE-i.jpg,1573
/Abu Dhabi/1970/17547/AF-i.jpg,1574
/Abu Dhabi/1971/17548/AG-i.jpg,1575
/Abu Dhabi/1971/17548/AH-i.jpg,1576
/Abu Dhabi/1971/17548/AI-i.jpg,1577
/Abu Dhabi/1971/17548/AJ-i.jpg,1578
/Abu Dhabi/1971/17551/AK-i.jpg,1579
/Abu Dhabi/1971/17551/AK1-i.jpg,1580
/Abu Dhabi/1971/17552/AL-i.jpg,1581
/Abu Dhabi/1971/17552/AM-i.jpg,1582
/Abu Dhabi/1971/17552/AN-i.jpg,1583
/Abu Dhabi/1971/17552/AO-i.jpg,1584
/Abu Dhabi/1971/17554/AP-i.jpg,1585
/Abu Dhabi/1972/25611/AQ-i.jpg,1586
/Abu Dhabi/1972/25611/AR-i.jpg,1587
/Abu Dhabi/1972/25611/AS-i.jpg,1588
/Abu Dhabi/1972/110680/AT-i.jpg,1589
/Abu Dhabi/1972/110680/AT1-i.jpg,1590
/Abu Dhabi/1972/110680/AT2-i.jpg,1591
/Abu Dhabi/1972/110680/AT3-i.jpg,1592
/Abu Dhabi/1972/110680/AT4-i.jpg,1593
/Abu Dhabi/1972/110680/AT5-i.jpg,1594
/Abu Dhabi/1972/110680/AT6-i.jpg,1595
/Abu Dhabi/1972/110680/AT7-i.jpg,1596
/Abu Dhabi/1972/110680/AT8-i.jpg,1597
/Abu Dhabi/1972/110680/AT9-i.jpg,1598
/Abu Dhabi/1972/110680/AT10-i.jpg,1599
/Abu Dhabi/1972/110680/AT11-i.jpg,1600
