name,themeid
Post & Philately,1
Postal Services,2
Flora,3
Fruits,4
Flowers,5
Transportation,6
Ships,7
Sailboats,8
Fauna,9
Birds,10
Woodpeckers,11
Fishing Vessels,12
Flags,13
National Flags,14
Aaland,15
Maps,16
Medals & Orders,17
Celebrations,18
Midsummer,19
Trees,20
Environment,21
Tourism,22
Architecture,23
Buildings,24
Houses,25
Windmills,26
Sport,27
Orienteering,28
Geology,29
Minerals,30
Archaeology,31
Stone age,32
Art,33
Ancient Art,34
Monuments,35
Paintings,36
Ducks,37
Mammals,38
Horses,39
Public Service,40
Firefighters,41
Bridges,42
Organisations,43
Postal Transportation,44
Education,45
Agriculture,46
Sailing ships,47
Churches,48
City Halls,49
Orchids,50
Fish,51
Textiles,52
Carpets,53
Frescos,54
Hedgehogs,55
Squirrels,56
Deer,57
Volleyball,58
Shooting,59
Football,60
Athletics,61
Running,62
Rowing,63
Cycling,64
United Nations,65
People on Stamps,66
Other,67
Lighthouses,68
Parliaments,69
Heraldry,70
Coat of Arms,71
Music,72
Instruments,73
Costumes,74
Rock Formations,75
Insects,76
Butterflies & Moths,77
EUROPA Stamps,78
Health,79
Medicine,80
Prehistory,81
Sailing,82
European Union,83
Pigeons,84
Golf,85
Yachting,86
Religion,87
Christianity,88
Statues,89
Greetings,90
Owls,91
WWF,92
Fossils,93
Marine Life,94
Seals,95
Hockey,96
Folklore & Legends,97
Youth,98
Motorcycles,99
Ferries,100
Tennis,101
Scouting,102
Bronze age,103
Universal Postal Union,104
Round Stamps,105
Terns,106
Seagulls,107
Moose,108
Gymnastics,109
Valentines Day,110
Hearts,111
Children's Drawings,112
Dogs,113
Coins,114
Reptiles,115
Snakes,116
Amphibians,117
Newts,118
Post offices,119
Food & Drinks,120
Dishes,121
Contemporary,122
Elephants,123
Circus,124
Iron age,125
Marathon,126
Mushrooms,127
Cats,128
Poster Art,129
Christmas,130
Weasels,131
Foxes,132
Martens,133
Mythology,134
Nordic,135
State Leaders,136
"Olympic Games, Summer",137
Swans,138
Herons,139
Cars,140
Ford,141
Buick,142
Volkswagen,143
Beetles,144
Castles,145
Post Boxes,146
Fashion,147
Herbs & Spices,148
Airplanes,149
Women's Football,150
Joint Issue,151
Triangle Stamps,152
Glaciers,153
Authors,154
Literature,155
Women,156
Movies,157
Astronomy,158
Underwater Diving,159
Diving,160
Nobel Prize Winners,161
Peace,162
Books,163
Postmen,164
Space,165
Spacecraft,166
Apollo,167
Explorers & Navigators,168
Comics & Cartoons,169
Wine,170
Apple,171
Vegetables,172
Potatos,173
Work on stamps,174
Dragonflies,175
Buses,176
Diseases,177
Cancer,178
Bands,179
Cruise liners,180
Drugs,181
Boxing,182
Artists,183
"New Year, Chinese",184
Jewellery,185
Chickens,186
Trucks,187
Hares,188
Bees,189
Skiing,190
United States of America,191
Science & Technology,192
Eagles,193
Composers,194
Police & Gendarmerie,195
Cattle,196
Satellites,197
Military,198
Wars,199
Anniversaries,200
Frogs & Toads,201
Politicians,202
Beer,203
Rabbits,204
Astrology,205
Zodiac,206
Chess,207
"World Cup 1994, USA",208
Prehistoric,209
"Atlanta, USA 1996",210
Soyuz,211
New Year,212
Figure Skating,213
Monkeys & Apes,214
Lizards,215
Bears,216
Wolves,217
Koalas,218
Rhinos,219
Giraffes,220
Antelopes,221
Stamp Exhibitions,222
Scientists,223
Leaves,224
Seashells,225
Goats,226
Turtles,227
Spiders,228
Royals,229
Industry,230
Palm Trees,231
Camels,232
Falcons,233
Independence,234
Oil,235
Mountains,236
Aviation,237
Airports,238
Weapons,239
